<?xml version="1.0" encoding="UTF-8"?>
<GenRun Id="impl_1" LaunchPart="xc7a35tcpg236-1" LaunchTime="1715107410">
  <File Type="PWROPT-DCP" Name="nanoprocessor_pwropt.dcp"/>
  <File Type="ROUTE-PWR" Name="nanoprocessor_power_routed.rpt"/>
  <File Type="PA-TCL" Name="nanoprocessor.tcl"/>
  <File Type="ROUTE-PWR-SUM" Name="nanoprocessor_power_summary_routed.pb"/>
  <File Type="REPORTS-TCL" Name="nanoprocessor_reports.tcl"/>
  <File Type="BG-DRC" Name="nanoprocessor.drc"/>
  <File Type="OPT-METHODOLOGY-DRC" Name="nanoprocessor_methodology_drc_opted.rpt"/>
  <File Type="INIT-TIMING" Name="nanoprocessor_timing_summary_init.rpt"/>
  <File Type="OPT-HWDEF" Name="nanoprocessor.hwdef"/>
  <File Type="OPT-DCP" Name="nanoprocessor_opt.dcp"/>
  <File Type="OPT-DRC" Name="nanoprocessor_drc_opted.rpt"/>
  <File Type="OPT-TIMING" Name="nanoprocessor_timing_summary_opted.rpt"/>
  <File Type="PWROPT-DRC" Name="nanoprocessor_drc_pwropted.rpt"/>
  <File Type="PWROPT-TIMING" Name="nanoprocessor_timing_summary_pwropted.rpt"/>
  <File Type="PLACE-DCP" Name="nanoprocessor_placed.dcp"/>
  <File Type="PLACE-IO" Name="nanoprocessor_io_placed.rpt"/>
  <File Type="PLACE-CLK" Name="nanoprocessor_clock_utilization_placed.rpt"/>
  <File Type="PLACE-UTIL" Name="nanoprocessor_utilization_placed.rpt"/>
  <File Type="PLACE-UTIL-PB" Name="nanoprocessor_utilization_placed.pb"/>
  <File Type="PLACE-CTRL" Name="nanoprocessor_control_sets_placed.rpt"/>
  <File Type="PLACE-SIMILARITY" Name="nanoprocessor_incremental_reuse_placed.rpt"/>
  <File Type="PLACE-PRE-SIMILARITY" Name="nanoprocessor_incremental_reuse_pre_placed.rpt"/>
  <File Type="PLACE-TIMING" Name="nanoprocessor_timing_summary_placed.rpt"/>
  <File Type="POSTPLACE-PWROPT-DCP" Name="nanoprocessor_postplace_pwropt.dcp"/>
  <File Type="POSTPLACE-PWROPT-TIMING" Name="nanoprocessor_timing_summary_postplace_pwropted.rpt"/>
  <File Type="PHYSOPT-DCP" Name="nanoprocessor_physopt.dcp"/>
  <File Type="PHYSOPT-DRC" Name="nanoprocessor_drc_physopted.rpt"/>
  <File Type="BG-BIT" Name="nanoprocessor.bit"/>
  <File Type="PHYSOPT-TIMING" Name="nanoprocessor_timing_summary_physopted.rpt"/>
  <File Type="ROUTE-ERROR-DCP" Name="nanoprocessor_routed_error.dcp"/>
  <File Type="ROUTE-DCP" Name="nanoprocessor_routed.dcp"/>
  <File Type="ROUTE-BLACKBOX-DCP" Name="nanoprocessor_routed_bb.dcp"/>
  <File Type="ROUTE-DRC" Name="nanoprocessor_drc_routed.rpt"/>
  <File Type="ROUTE-DRC-PB" Name="nanoprocessor_drc_routed.pb"/>
  <File Type="BITSTR-MSK" Name="nanoprocessor.msk"/>
  <File Type="ROUTE-DRC-RPX" Name="nanoprocessor_drc_routed.rpx"/>
  <File Type="BG-BGN" Name="nanoprocessor.bgn"/>
  <File Type="ROUTE-METHODOLOGY-DRC" Name="nanoprocessor_methodology_drc_routed.rpt"/>
  <File Type="BITSTR-RBT" Name="nanoprocessor.rbt"/>
  <File Type="ROUTE-METHODOLOGY-DRC-RPX" Name="nanoprocessor_methodology_drc_routed.rpx"/>
  <File Type="BG-BIN" Name="nanoprocessor.bin"/>
  <File Type="ROUTE-METHODOLOGY-DRC-PB" Name="nanoprocessor_methodology_drc_routed.pb"/>
  <File Type="ROUTE-PWR-RPX" Name="nanoprocessor_power_routed.rpx"/>
  <File Type="ROUTE-STATUS" Name="nanoprocessor_route_status.rpt"/>
  <File Type="ROUTE-STATUS-PB" Name="nanoprocessor_route_status.pb"/>
  <File Type="ROUTE-TIMINGSUMMARY" Name="nanoprocessor_timing_summary_routed.rpt"/>
  <File Type="ROUTE-TIMING-PB" Name="nanoprocessor_timing_summary_routed.pb"/>
  <File Type="ROUTE-TIMING-RPX" Name="nanoprocessor_timing_summary_routed.rpx"/>
  <File Type="ROUTE-SIMILARITY" Name="nanoprocessor_incremental_reuse_routed.rpt"/>
  <File Type="RDI-RDI" Name="nanoprocessor.vdi"/>
  <File Type="ROUTE-CLK" Name="nanoprocessor_clock_utilization_routed.rpt"/>
  <File Type="POSTROUTE-PHYSOPT-DCP" Name="nanoprocessor_postroute_physopt.dcp"/>
  <File Type="POSTROUTE-PHYSOPT-BLACKBOX-DCP" Name="nanoprocessor_postroute_physopt_bb.dcp"/>
  <File Type="POSTROUTE-PHYSOPT-TIMING" Name="nanoprocessor_timing_summary_postroute_physopted.rpt"/>
  <File Type="POSTROUTE-PHYSOPT-TIMING-PB" Name="nanoprocessor_timing_summary_postroute_physopted.pb"/>
  <File Type="POSTROUTE-PHYSOPT-TIMING-RPX" Name="nanoprocessor_timing_summary_postroute_physopted.rpx"/>
  <File Type="BITSTR-NKY" Name="nanoprocessor.nky"/>
  <File Type="BITSTR-BMM" Name="nanoprocessor_bd.bmm"/>
  <File Type="BITSTR-MMI" Name="nanoprocessor.mmi"/>
  <File Type="BITSTR-LTX" Name="debug_nets.ltx"/>
  <File Type="BITSTR-LTX" Name="nanoprocessor.ltx"/>
  <File Type="BITSTR-SYSDEF" Name="nanoprocessor.sysdef"/>
  <File Type="WBT-USG" Name="usage_statistics_webtalk.html"/>
  <FileSet Name="sources" Type="DesignSrcs" RelSrcDir="$PSRCDIR/sources_1">
    <Filter Type="Srcs"/>
    <File Path="$PSRCDIR/sources_1/new/Adder_Subtractor.vhd">
      <FileInfo>
        <Attr Name="UsedIn" Val="synthesis"/>
        <Attr Name="UsedIn" Val="simulation"/>
      </FileInfo>
    </File>
    <File Path="$PSRCDIR/sources_1/new/Decoder_2_to_4.vhd">
      <FileInfo>
        <Attr Name="UsedIn" Val="synthesis"/>
        <Attr Name="UsedIn" Val="simulation"/>
      </FileInfo>
    </File>
    <File Path="$PSRCDIR/sources_1/new/Decoder_3_to_8.vhd">
      <FileInfo>
        <Attr Name="UsedIn" Val="synthesis"/>
        <Attr Name="UsedIn" Val="simulation"/>
      </FileInfo>
    </File>
    <File Path="$PSRCDIR/sources_1/new/FA.vhd">
      <FileInfo>
        <Attr Name="UsedIn" Val="synthesis"/>
        <Attr Name="UsedIn" Val="simulation"/>
      </FileInfo>
    </File>
    <File Path="$PSRCDIR/sources_1/new/HA.vhd">
      <FileInfo>
        <Attr Name="UsedIn" Val="synthesis"/>
        <Attr Name="UsedIn" Val="simulation"/>
      </FileInfo>
    </File>
    <File Path="$PSRCDIR/sources_1/new/Instruction_Decoder.vhd">
      <FileInfo>
        <Attr Name="UsedIn" Val="synthesis"/>
        <Attr Name="UsedIn" Val="simulation"/>
      </FileInfo>
    </File>
    <File Path="$PSRCDIR/sources_1/new/LUT_16_7.vhd">
      <FileInfo>
        <Attr Name="UsedIn" Val="synthesis"/>
        <Attr Name="UsedIn" Val="simulation"/>
      </FileInfo>
    </File>
    <File Path="$PSRCDIR/sources_1/new/MUX_2way_3bit.vhd">
      <FileInfo>
        <Attr Name="UsedIn" Val="synthesis"/>
        <Attr Name="UsedIn" Val="simulation"/>
      </FileInfo>
    </File>
    <File Path="$PSRCDIR/sources_1/new/MUX_2way_4bit.vhd">
      <FileInfo>
        <Attr Name="UsedIn" Val="synthesis"/>
        <Attr Name="UsedIn" Val="simulation"/>
      </FileInfo>
    </File>
    <File Path="$PSRCDIR/sources_1/new/MUX_8way_4bit.vhd">
      <FileInfo>
        <Attr Name="UsedIn" Val="synthesis"/>
        <Attr Name="UsedIn" Val="simulation"/>
      </FileInfo>
    </File>
    <File Path="$PSRCDIR/sources_1/new/ProgramCounter.vhd">
      <FileInfo>
        <Attr Name="UsedIn" Val="synthesis"/>
        <Attr Name="UsedIn" Val="simulation"/>
      </FileInfo>
    </File>
    <File Path="$PSRCDIR/sources_1/new/RCA_3.vhd">
      <FileInfo>
        <Attr Name="UsedIn" Val="synthesis"/>
        <Attr Name="UsedIn" Val="simulation"/>
      </FileInfo>
    </File>
    <File Path="$PSRCDIR/sources_1/new/ROM.vhd">
      <FileInfo>
        <Attr Name="UsedIn" Val="synthesis"/>
        <Attr Name="UsedIn" Val="simulation"/>
      </FileInfo>
    </File>
    <File Path="$PSRCDIR/sources_1/new/Reg.vhd">
      <FileInfo>
        <Attr Name="UsedIn" Val="synthesis"/>
        <Attr Name="UsedIn" Val="simulation"/>
      </FileInfo>
    </File>
    <File Path="$PSRCDIR/sources_1/new/RegBank.vhd">
      <FileInfo>
        <Attr Name="UsedIn" Val="synthesis"/>
        <Attr Name="UsedIn" Val="simulation"/>
      </FileInfo>
    </File>
    <File Path="$PSRCDIR/sources_1/imports/Desktop/Slow_Clk.vhd">
      <FileInfo>
        <Attr Name="ImportPath" Val="$PPRDIR/../../../../../../Desktop/Slow_Clk.vhd"/>
        <Attr Name="ImportTime" Val="1713673621"/>
        <Attr Name="UsedIn" Val="synthesis"/>
        <Attr Name="UsedIn" Val="simulation"/>
      </FileInfo>
    </File>
    <File Path="$PSRCDIR/sources_1/new/nanoprocessor.vhd">
      <FileInfo>
        <Attr Name="UsedIn" Val="synthesis"/>
        <Attr Name="UsedIn" Val="simulation"/>
      </FileInfo>
    </File>
    <Config>
      <Option Name="DesignMode" Val="RTL"/>
      <Option Name="TopModule" Val="nanoprocessor"/>
      <Option Name="TopAutoSet" Val="TRUE"/>
    </Config>
  </FileSet>
  <FileSet Name="constrs_in" Type="Constrs" RelSrcDir="$PSRCDIR/constrs_1">
    <Filter Type="Constrs"/>
    <File Path="$PSRCDIR/constrs_1/new/processor.xdc">
      <FileInfo>
        <Attr Name="UsedIn" Val="synthesis"/>
        <Attr Name="UsedIn" Val="implementation"/>
      </FileInfo>
    </File>
    <Config>
      <Option Name="ConstrsType" Val="XDC"/>
    </Config>
  </FileSet>
  <Strategy Version="1" Minor="2">
    <StratHandle Name="Vivado Implementation Defaults" Flow="Vivado Implementation 2018"/>
    <Step Id="init_design"/>
    <Step Id="opt_design"/>
    <Step Id="power_opt_design"/>
    <Step Id="place_design"/>
    <Step Id="post_place_power_opt_design"/>
    <Step Id="phys_opt_design"/>
    <Step Id="route_design"/>
    <Step Id="post_route_phys_opt_design"/>
    <Step Id="write_bitstream"/>
  </Strategy>
</GenRun>
